<?xml version="1.0" encoding="UTF-8"?>
<!DOCTYPE mapper
        PUBLIC "-//mybatis.org//DTD Mapper 3.0//EN"
        "http://mybatis.org/dtd/mybatis-3-mapper.dtd">

<mapper namespace="com.powerrangers.system.modules.OrderManagement.dao.CommentMapper">

    <insert id="addComment" parameterType="com.powerrangers.system.modules.OrderManagement.service.dto.CommentDTO">
        insert into event_comments (event_id, customer_id, comment, star_level)
        values ((select event_id from sys_event where event_name = #{eventName} and host_id = (select id from sys_user where username = #{hostName})),
                #{customerId}, #{comment}, #{starLevel});
    </insert>

    <select id="getComments" parameterType="com.powerrangers.system.modules.OrderManagement.service.dto.CommentDTO"
                                resultType="com.powerrangers.system.modules.OrderManagement.domain.Comment">
        select t1.*, t2.username as customerName, t2.avatar from
        (select * from event_comments where
        event_id = (select event_id from sys_event where event_name = #{eventName} and host_id = (select id from sys_user where username = #{hostName}))
        order by create_time, update_time desc) t1,
        (select id, username, avatar from sys_user) t2
        where t1.customer_id = t2.id;
    </select>

    <update id="editComment" parameterType="com.powerrangers.system.modules.OrderManagement.service.dto.CommentDTO">
        update event_comments set comment = #{comment}, star_level = #{starLevel} where
        customer_id = #{customerId}
        and event_id = (select event_id from sys_event where event_name = #{eventName} and host_id = (select id from sys_user where username = #{hostName}));
    </update>

    <delete id="deleteComment" parameterType="com.powerrangers.system.modules.OrderManagement.service.dto.CommentDTO">
        delete from event_comments where
        customer_id = #{customerId}
        and event_id = (select event_id from sys_event where event_name = #{eventName} and host_id = (select id from sys_user where username = #{hostName}));
    </delete>

    <select id="getCustomerComment" parameterType="com.powerrangers.system.modules.OrderManagement.service.dto.CommentDTO"
                                        resultType="com.powerrangers.system.modules.OrderManagement.domain.Comment">
        select * from event_comments where
        event_id = (select event_id from sys_event where event_name = #{eventName} and host_id = (select id from sys_user where username = #{hostName}))
        and customer_id = #{customerId};
    </select>
</mapper>