<?xml version="1.0" encoding="UTF-8"?>
<!DOCTYPE mapper
        PUBLIC "-//mybatis.org//DTD Mapper 3.0//EN"
        "http://mybatis.org/dtd/mybatis-3-mapper.dtd">

<mapper namespace="com.powerrangers.system.modules.EventManagement.dao.EventTicketMapper">

    <select id="getTicketTypeIdByTicketTypeName" parameterType="string" resultType="integer">
        select type_id from event_ticket_type where type_name = #{ticketType};
    </select>

    <select id="checkExist" parameterType="com.powerrangers.system.modules.EventManagement.service.dto.TicketDTO" resultType="integer">
        select count(*) from event_ticket where ticket_type = (select type_id from event_ticket_type where type_name = #{ticketType}) and
            event_id = (select event_id from sys_event where event_name = #{eventName} and host_id = (select id from sys_user where username = #{hostName}));
    </select>

    <insert id="insertEventTicketType" parameterType="com.powerrangers.system.modules.EventManagement.service.dto.TicketDTO">

        insert into event_ticket (event_id, ticket_type, ticket_amount, ticket_price)
        values ((select event_id from sys_event where event_name = #{eventName} and host_id = (select id from sys_user where username = #{hostName})),
                (select type_id from event_ticket_type where type_name = #{ticketType}), #{ticketAmount}, #{ticketPrice});
    </insert>

    <select id="getTicketType" parameterType="com.powerrangers.system.modules.EventManagement.service.dto.TicketDTO"
                                resultType="com.powerrangers.system.modules.EventManagement.service.dto.TicketDTO">
        select tt.type_name as ticketType, t.ticket_amount, t.ticket_price from
                     sys_event e inner join event_ticket t on e.event_id = t.event_id
                        inner join event_ticket_type tt on t.ticket_type = tt.type_id
                        inner join sys_user u on e.host_id = u.id
        where e.event_name = #{eventName} and u.username = #{hostName} order by t.ticket_type;
    </select>

    <select id="getRemainTicketAmount" parameterType="com.powerrangers.system.modules.EventManagement.service.dto.TicketDTO" resultType="integer">
        select t.ticket_amount from event_ticket t inner join sys_event e on t.event_id = e.event_id
            inner join event_ticket_type tt on t.ticket_type = tt.type_id
            inner join sys_user u on e.host_id = u.id
        where u.username = #{hostName} and e.event_name = #{eventName} and tt.type_name = #{ticketType};
    </select>

    <update id="updateTicketAmount" parameterType="com.powerrangers.system.modules.EventManagement.service.dto.TicketDTO">
        update event_ticket t set t.ticket_amount = t.ticket_amount + #{ticketAmount}
        where t.event_id
                  = (select a.event_id from
                        (select e.event_id from sys_event e inner join sys_user u on e.host_id = u.id where u.username = #{hostName} and e.event_name = #{eventName}) as a)
        and t.ticket_type = (select distinct b.type_id from
                            (select tt.type_id from event_ticket_type tt inner join event_ticket t on tt.type_id = t.ticket_type where tt.type_name = #{ticketType}) as b);
    </update>

</mapper>