<?xml version="1.0" encoding="UTF-8"?>
<!DOCTYPE mapper
        PUBLIC "-//mybatis.org//DTD Mapper 3.0//EN"
        "http://mybatis.org/dtd/mybatis-3-mapper.dtd">

<mapper namespace="com.powerrangers.system.modules.OrderManagement.dao.OrderMapper">

    <sql id="select all">
        select * from sys_order
    </sql>

    <select id="queryOrderById" parameterType="integer" resultType="com.powerrangers.system.modules.OrderManagement.domain.Order">
        <include refid="select all"/> where order_id = #{orderId};
    </select>

    <insert id="insertOrder" parameterType="com.powerrangers.system.modules.OrderManagement.service.dto.OrderDTO">
        insert into sys_order (event_id, customer_id, host_id, ticket_type, payment_type, payment_amount)
        values ((select e.event_id from sys_event e where e.host_id = (select id from sys_user where username = #{hostName}) and e.event_name = #{eventName}),
                #{customerId}, (select id from sys_user where username = #{hostName}), #{ticketType}, #{paymentType}, #{ticketAmount} * #{ticketPrice});
    </insert>

    <update id="refundOrder" parameterType="integer">
        update sys_order set is_paid = 0, is_refund = 1
        where
            order_id = #{orderId};
    </update>
    
    <select id="getOrder" parameterType="com.powerrangers.system.modules.OrderManagement.service.dto.OrderDTO"
                            resultType="com.powerrangers.system.modules.OrderManagement.domain.Order">
        <include refid="select all"/>
        where
            customer_id = #{customerId} and
                event_id = (select event_id from sys_event where event_name = #{eventName} and host_id = (select id from sys_user where username = #{hostName})) and
            host_id = (select id from sys_user where username = #{hostName});
    </select>

    <select id="queryOrdersByCustomer" parameterType="integer"
                                        resultType="com.powerrangers.system.modules.OrderManagement.domain.Order">
        select o.*, e.event_name, u.username as hostName, o.ticket_type from
        sys_order o left join sys_event e on o.event_id = e.event_id left join sys_user u on e.host_id = u.id
        where
            customer_id = #{customerId} order by create_time, update_time desc;
    </select>

    <select id="queryEventOrdersByHost" parameterType="integer"
                                    resultType="com.powerrangers.system.modules.OrderManagement.domain.Order">
        select t1.*, t2.username as customerName from (select o.*, e.event_name, u.username as hostName
        from sys_order o left join sys_event e on o.event_id = e.event_id
            left join sys_user u on e.host_id = u.id
        where
            o.host_id = #{hostId}
            and e.event_id = #{eventId}
            order by create_time, update_time desc) t1, (select id, username from sys_user) t2
        where t1.customer_id = t2.id;
    </select>

    <select id="getAllOrders" parameterType="com.powerrangers.system.modules.OrderManagement.service.dto.OrderDTO"
                                resultType="com.powerrangers.system.modules.OrderManagement.domain.Order">
        <include refid="select all"/>
    </select>
</mapper>